<?xml version="1.0" encoding="utf-8"?><testclasses><training><testclass>org.training.service.impl.DefaultTrainingServiceIntegrationTest</testclass><testclass>org.training.cronjobs.AssignDefaultMechanicServiceLayerCronJobTest</testclass><testclass>org.training.interceptors.CarPrepareInterceptorIntegrationTest</testclass><testclass>org.training.validation.CarModelImplicitValidationIntegrationTest</testclass><testclass>org.training.validation.CarModelExplicitValidationIntegrationTest</testclass><testclass>org.training.interceptors.CarPrepareInterceptorTest</testclass><testclass>org.training.cronjobs.AssignDefaultMechanicCronJobTest</testclass><testclass>org.training.interceptors.CarLoadInterceptorTest</testclass><testclass>org.training.interceptors.CarRemoveInterceptorIntegrationTest</testclass><testclass>org.training.interceptors.CarRemoveInterceptorTest</testclass><testclass>org.training.interceptors.CarValidateInterceptorTest</testclass><testclass>org.training.attributehandlers.HpDynamicAttributeHandlerTest</testclass><testclass>org.training.interceptors.CarValidateInterceptorIntegrationTest</testclass><testclass>org.training.attributehandlers.HpDynamicAttributeHandlerIntegrationTest</testclass><testclass>org.training.interceptors.CarInitDefaultsInterceptorTest</testclass><testclass>org.training.interceptors.CarLoadInterceptorIntegrationTest</testclass><testclass>org.training.interceptors.CarInitDefaultsInterceptorIntegrationTest</testclass><testclass>org.training.dao.CarDaoIntegrationTest</testclass><testclass>org.training.jalo.TrainingTest</testclass></training></testclasses>