
<Server port="${tomcat.internalserver.port}" shutdown="SHUTDOWN">

  <Listener className="org.apache.catalina.mbeans.JmxRemoteLifecycleListener" rmiRegistryPortPlatform="${tomcat.jmx.port}" rmiServerPortPlatform="${tomcat.jmx.server.port}" />

  <!-- If you want to use the jndi uncoment this listener
  <Listener className="de.hybris.tomcat.HybrisGlobalResourcesLifecycleListener"  dataSourceName="${db.pool.fromJNDI}"/>
  -->

  <GlobalNamingResources>
  
	  	<!-- If you want to use the jndi database resource please set db.pool.fromJNDI property and uncomment following block and listener above.
			 Furthermore you have to copy the related jdbc library from platform/lib/dbdriver to tomcat/lib folder -->
		<!-- <Resource 	name="${db.pool.name}"
 						auth="Container" 
 						type="javax.sql.DataSource"
              		maxTotal="${db.pool.maxActive}" 
              		maxIdle="${db.pool.maxIdle}" 
              		maxWaitMillis="${db.pool.maxWait}"
              		testWhileIdle="${db.pool.testWhileIdle}"
						timeBetweenEvictionRunsMillis="${db.pool.timeBetweenEvictionRunsMillis}"
						minEvictableIdleTimeMillis="${db.pool.minEvictableIdleTimeMillis}"
						numTestsPerEvictionRun="${db.pool.numTestsPerEvictionRun}"
						testOnBorrow="${db.pool.testOnBorrow}"
						testOnReturn="${db.pool.testOnReturn}"
              		username="${db.username}" 
             		password="${db.password.XMLENCODED}" 
              		driverClassName="${db.driver}"
              		url="${db.url.XMLENCODED}" 
			useStatementFacade="${db.statement.facade}"/>
        -->

		<!-- If you want to use a mail JNDI resource please set mail.fromJNDI property and uncomment following block.
		     Furthermore you have to copy the mail library from ext/core/lib to tomcat/lib -->
		<!-- <Resource 	name="mail/Session" auth="Container"
		        		type="javax.mail.Session"
		        		mail.transport.protocol="smtp" 
		        		mail.smtp.host="${mail.smtp.server}"
		        		mail.smtp.from="${mail.from}"
		        		description="Global E-Mail Resource"
		    		/>-->
    
  </GlobalNamingResources>


  <Service name="Catalina" >

	<Executor     name="hybrisExecutor"
			        namePrefix="hybrisHTTP"
			        maxThreads="${tomcat.maxthreads}"
			        minSpareThreads="${tomcat.minsparethreads}"
			        maxIdleTime="${tomcat.maxidletime}"/>

    <Connector port="${tomcat.http.port}" 
    				maxHttpHeaderSize="8192"
               protocol="HTTP/1.1"
               executor="hybrisExecutor"
               enableLookups="false" 
               acceptCount="100"
               connectionTimeout="20000" 
               URIEncoding="UTF-8"
               disableUploadTimeout="true"
               redirectPort="${tomcat.ssl.port}" />

    <Connector port="${tomcat.ssl.port}" 
    				maxHttpHeaderSize="8192"
               protocol="HTTP/1.1"
               executor="hybrisExecutor"
               enableLookups="false" 
               acceptCount="${tomcat.acceptcount}"
               connectionTimeout="20000" 
               disableUploadTimeout="true"
               URIEncoding="UTF-8"
               SSLEnabled="true"
					scheme="https" 
					secure="true" 
					clientAuth="false"            
   				sslProtocol = "TLS" 
   				keyAlias="${tomcat.ssl.keystore.alias}"
   				keystoreFile="${tomcat.ssl.keystore.path}"
   				keystorePass="${tomcat.ssl.keystore.password}"
                />
    <!--
    This might evaluate into 
    <Connector protocol="AJP/1.3" port="${tomcat.ajp.port}" proxyPort="${proxy.http.port}" redirectPort="${proxy.ssl.port}" useIPVHosts="${tomcat.ajp.useipv}" />  
    where the tomcat.ajp.port is mandatory property to render this connector. 
     -->                
	${tomcat.connectors.ajp.plain}	

    <Engine name="Catalina" defaultHost="localhost" startStopThreads="${tomcat.startStopThreads}">
	
			<Valve 	className="org.apache.catalina.valves.AccessLogValve"
             		directory="${HYBRIS_LOG_DIR}/tomcat"
	      		 	prefix="access."
        	   		suffix=".log"
	      		 	pattern="combined"
          />		 
	
      <Host 	name="localhost" 
      			appBase="webapps"
		       	unpackWARs="false"
		       	autoDeploy="false"   
       			xmlValidation="false" 
       			xmlNamespaceAware="false"
       			startStopThreads="${tomcat.startStopThreads}">
       			
		        <Valve className="org.apache.catalina.valves.ErrorReportValve" 
		               showReport="${tomcat.errorReport.showReport}" 
		               showServerInfo="${tomcat.errorReport.showServerInfo}"/>
			<!-- Minimal configuration of the back office web applications allowing to administrate system while it is not initialized or not uptodate -->
					
			${tomcat.minimal.webapps}


      </Host>

    </Engine>

  </Service>

</Server>
