<?xml version="1.0" encoding="utf-8"?><testclasses><trainingfacade><testclass>org.training.facade.converters.CarPopulatorTest</testclass><testclass>org.training.facade.validation.CarDataExplicitValidationIntegrationTest</testclass><testclass>org.training.facade.converters.CarConverterUnitTest</testclass><testclass>org.training.facade.jalo.TrainingfacadeTest</testclass><testclass>org.training.facade.converters.ProductPopulatorTest</testclass><testclass>org.training.facade.converters.CarConverterIntegrationTest</testclass><testclass>org.training.facade.service.impl.DefaultTrainingfacadeServiceIntegrationTest</testclass></trainingfacade></testclasses>