<?xml version="1.0" encoding="UTF-8"?>
<hybrisconfig xmlns:xsi="http://www.w3.org/2001/XMLSchema-instance" xsi:noNamespaceSchemaLocation="resources/schemas/extensions.xsd">
	<extensions>
		<!--
				All extensions located in ${HYBRIS_BIN_DIR}/platform/ext are automatically loaded.
				More information about how to configure available extensions can be found here : https://wiki.hybris.com/x/nZVzC
		-->

		<path dir="${HYBRIS_BIN_DIR}" />
		<path dir="${HYBRIS_BIN_DIR}/custom"/>


										
		<!-- modules/ondemand-connect/deprecated -->

										
		<!-- modules/platform -->
		<extension name="yempty" />
		<extension name="training" />
		
		<extension name="backoffice"/>
		<extension name="platformbackoffice"/>


	</extensions>
</hybrisconfig>