<!--
 Copyright (c) 2021 SAP SE or an SAP affiliate company. All rights reserved.
-->
<project xmlns="http://maven.apache.org/POM/4.0.0" xmlns:xsi="http://www.w3.org/2001/XMLSchema-instance"
         xsi:schemaLocation="http://maven.apache.org/POM/4.0.0 http://maven.apache.org/xsd/maven-4.0.0.xsd">
    <modelVersion>4.0.0</modelVersion>
    <groupId>de.hybris.platform.dbdriver</groupId>
    <version>2105.1</version>

    <artifactId>dbdriver</artifactId>
    <packaging>jar</packaging>

	<dependencies>
		
		<dependency>
			<groupId>org.hsqldb</groupId>
			<artifactId>hsqldb</artifactId>
			<version>2.4.1</version>
		</dependency>
            
        <dependency>
            <groupId>com.microsoft.sqlserver</groupId>
            <artifactId>mssql-jdbc</artifactId>
            <version>8.2.1.jre11</version>
        </dependency>

        <dependency>
            <groupId>com.sap.cloud.db.jdbc</groupId>
            <artifactId>ngdbc</artifactId>
            <version>2.7.13</version>
        </dependency>
        
        <dependency>
			<groupId>mysql</groupId>
			<artifactId>mysql-connector-java</artifactId>
			<version>8.0.27</version>
		</dependency>
        

    </dependencies>
</project>
