<?xml version="1.0" encoding="ISO-8859-1"?>
<!--
 Copyright (c) 2021 SAP SE or an SAP affiliate company. All rights reserved.
-->
<!--
	ATTENTION: This is just an example file. You have to edit it according to your needs.
-->

<beans xmlns:xsi="http://www.w3.org/2001/XMLSchema-instance" xsi:noNamespaceSchemaLocation="beans.xsd">

	<bean class="org.training.facade.ProductData">
		<property name="id" type="String"/>
		<property name="name" type="String"/>
	</bean>

	<bean class="org.training.facade.CarData" extends="org.training.facade.ProductData">
		<property name="chasisNumber" type="String"/>
		<property name="engineNumber" type="String"/>
	</bean>

</beans>
